<?xml version="1.0" encoding="UTF-8" ?>
<!DOCTYPE log4j:configuration SYSTEM "log4j.dtd">
<log4j:configuration debug="true"
	xmlns:log4j='http://jakarta.apache.org/log4j/'>

	<appender name="console" class="org.apache.log4j.ConsoleAppender">
		<layout class="org.apache.log4j.PatternLayout">
			<param name="ConversionPattern" value="%d{dd-MM-yyyy HH:mm:ss} [%-5p %c{1}] %l - %m%n" />
		</layout>
	</appender>

	<appender name="file" class="org.apache.log4j.RollingFileAppender">
		<param name="append" value="false" />
		<param name="maxFileSize" value="2MB" />
		<param name="maxBackupIndex" value="1000" />
		<param name="file" value="C://api-email/envios/log.log" />
		<layout class="org.apache.log4j.PatternLayout">
			<param name="ConversionPattern" value="%d{dd-MM-yyyy HH:mm:ss} [%-5p %c{1}] %l - %m%n" />
		</layout>
	</appender>

	<category name="br.com.logique">
		<priority value="ERROR, INFO" />
		<appender-ref ref="console" />
		<appender-ref ref="file" />
	</category>

	<category name="br.com.caelum">
		<priority value="ERROR" />
		<appender-ref ref="console" />
	</category>

</log4j:configuration>